{
  "notes": [
    {
      "id": 1,
      "content": "custom hooks are awesome"
    },
    {
      "id": 2,
      "content": "best feature ever <3"
    },
    {
      "content": "kakakakka",
      "id": 3
    }
  ],
  "persons": [
    {
      "id": 1,
      "name": "Matti Luukkainen",
      "number": "040-12344565"
    },
    {
      "id": 2,
      "name": "Tarja Halonen",
      "number": "040-2223334"
    },
    {
      "name": "wewewewew",
      "number": "787878718718237",
      "id": 3
    }
  ]
}